{"cities": {"Kongens Lyngby": {"distance": 202.53159999999997, "count": 31}, "Amsterdam": {"distance": 21.439799999999998, "count": 1}, "Luxembourg": {"distance": 21.1995, "count": 1}, "K\u00f8benhavn": {"distance": 338.72050000000013, "count": 31}, "Dalen": {"distance": 3.3735, "count": 1}, "Bergen": {"distance": 5.7052, "count": 1}, "Roma": {"distance": 163.9425, "count": 26}, "Heilbronn": {"distance": 92.2841, "count": 25}, "Rotterdam": {"distance": 6.061100000000001, "count": 1}, "Delft": {"distance": 21.1367, "count": 1}, "N\u00e6rum": {"distance": 9.4914, "count": 1}, "Frederiksberg": {"distance": 88.17259999999999, "count": 10}}, "countries": {"Danmark": {"distance": 736.9522, "count": 82}, "Nederland": {"distance": 48.6376, "count": 3}, "L\u00ebtzebuerg": {"distance": 21.1995, "count": 1}, "Norge": {"distance": 9.0787, "count": 2}, "Italia": {"distance": 163.9425, "count": 26}, "Deutschland": {"distance": 92.2841, "count": 25}}, "processed_activities": ["14022404978", "11828412218", "14446036903", "14386235852", "11707607287", "11707607346", "11707631685", "11962354989", "11707631689", "11707631682", "11707724735", "11714495319", "11707724705", "11707724677", "12361493718", "11707631686", "11667437600", "11707712025", "11707724719", "11707667465", "11707631698", "11684359214", "15320332158", "11707631694", "11707724578", "13918124092", "11707724673", "12011222892", "14301002526", "11707711834", "11515869095", "11707667552", "11707711961", "14434224428", "11707712029", "11515715856", "11504250003", "11613936059", "11707607403", "13882018463", "11777845016", "11707724715", "11707712040", "14098589592", "11707711827", "11707712039", "11707711940", "11707724611", "11707667583", "11583303831", "11800518665", "12044583667", "13153758075", "11707724683", "15037013947", "11651910629", "11707667535", "13053988131", "15290085588", "11515686551", "12591435267", "11707711976", "11515831033", "11707631679", "11707607283", "11707712027", "12316762842", "12275384178", "15208020926", "11707724501", "11707667544", "12148502003", "14659630038", "11707607447", "11707631695", "15151292948", "11707607277", "12030353447", "11510835206", "11707711846", "11707711937", "11880635489", "11707724759", "13477830664", "11707724486", "13405807899", "13769557469", "11707667545", "11559022112", "11865284948", "11707667472", "14577549048", "11707724588", "12222895619", "11707711833", "11707712020", "12783923554", "11515820520", "12886097112", "11638474422", "11707711967", "11707667477", "11707607282", "11707711972", "12104687120", "13451167699", "11707607278", "14912063079", "14346187645", "13380821872", "12533004003", "11707607285", "11707607275", "13538109403", "11707724645", "11534585640", "11707724594", "11706555919", "11822139541", "11979354939", "12414281788", "11707724516", "13704794756", "11707667533", "11917367588", "11515730631", "12076395504", "11707724676", "11707724741", "11707631665", "11573608149", "11707711945", "11746337793", "11707711941", "11707711856", "12376529717", "12123192694", "11707724502", "11761940871"]}