{"cities": {"Kongens Lyngby": {"distance": 202.53159999999997, "count": 31}, "Amsterdam": {"distance": 21.439799999999998, "count": 1}, "Luxembourg": {"distance": 21.1995, "count": 1}, "K\u00f8benhavn": {"distance": 380.3733000000002, "count": 39}, "Dalen": {"distance": 3.3735, "count": 1}, "Bergen": {"distance": 5.7052, "count": 1}, "Roma": {"distance": 163.9425, "count": 26}, "Heilbronn": {"distance": 92.2841, "count": 25}, "Rotterdam": {"distance": 6.061100000000001, "count": 1}, "Delft": {"distance": 21.1367, "count": 1}, "N\u00e6rum": {"distance": 9.4914, "count": 1}, "Frederiksberg": {"distance": 88.17259999999999, "count": 10}}, "countries": {"Danmark": {"distance": 791.7733000000001, "count": 91}, "Nederland": {"distance": 48.6376, "count": 3}, "L\u00ebtzebuerg": {"distance": 21.1995, "count": 1}, "Norge": {"distance": 9.0787, "count": 2}, "Italia": {"distance": 163.9425, "count": 26}, "Deutschland": {"distance": 92.2841, "count": 25}}, "processed_activities": ["11707711834", "11504250003", "11707607287", "12886097112", "11707724578", "14434224428", "11638474422", "15320332158", "11707724759", "14577549048", "11707712025", "11962354989", "11714495319", "15290085588", "11707631665", "11707667472", "11777845016", "12222895619", "11707724516", "12104687120", "11515715856", "13451167699", "11707724502", "11707724501", "14446036903", "11707667535", "15934614062", "11707724611", "11707607282", "12148502003", "11651910629", "14659630038", "11706555919", "11510835206", "11707711856", "15953200655", "11707607277", "11707631694", "11707607278", "12783923554", "14098589592", "11707711937", "15208020926", "12591435267", "11707711972", "11707711827", "11707724741", "14386235852", "11707607403", "11707711846", "11707724673", "11707607346", "11707711941", "11707631689", "12044583667", "12123192694", "11707724677", "11707667552", "11684359214", "15037013947", "15872086348", "11828412218", "12361493718", "11707667477", "11583303831", "13153758075", "11707724588", "12011222892", "13053988131", "11707667533", "11707724486", "11761940871", "11667437600", "11707712020", "13405807899", "11707631682", "11746337793", "11707607275", "14346187645", "11707667544", "14301002526", "11707667545", "11707712039", "11707631685", "12414281788", "13918124092", "11707711976", "15774682542", "11707631679", "11865284948", "12316762842", "16120267908", "11707712040", "11707711967", "11880635489", "11707631698", "11707607447", "11707711940", "12076395504", "11707607285", "11707711945", "11707607283", "12030353447", "11707724683", "11573608149", "11515869095", "11707711961", "12376529717", "11707667465", "11707724735", "13380821872", "11707712029", "11707631686", "11707712027", "11707724719", "11707724705", "12533004003", "11515820520", "13477830664", "15673199728", "11800518665", "11979354939", "11707724645", "13538109403", "14912063079", "15151292948", "13882018463", "12275384178", "15720906306", "11707724594", "13769557469", "11707724715", "11534585640", "14022404978", "11613936059", "11707724676", "15721622830", "15342814232", "11822139541", "11707631695", "11515686551", "11707711833", "11707667583", "11917367588", "13704794756", "11559022112", "11515730631", "11515831033"]}