{"cities": {"Kongens Lyngby": {"distance": 202.53159999999997, "count": 31}, "Amsterdam": {"distance": 21.439799999999998, "count": 1}, "Luxembourg": {"distance": 21.1995, "count": 1}, "K\u00f8benhavn": {"distance": 301.82210000000003, "count": 25}, "Dalen": {"distance": 3.3735, "count": 1}, "Bergen": {"distance": 5.7052, "count": 1}, "Roma": {"distance": 163.9425, "count": 26}, "Heilbronn": {"distance": 92.2841, "count": 25}, "Rotterdam": {"distance": 6.061100000000001, "count": 1}, "Delft": {"distance": 21.1367, "count": 1}, "N\u00e6rum": {"distance": 9.4914, "count": 1}, "Frederiksberg": {"distance": 32.3763, "count": 7}}, "countries": {"Danmark": {"distance": 628.7872000000001, "count": 72}, "Nederland": {"distance": 48.6376, "count": 3}, "L\u00ebtzebuerg": {"distance": 21.1995, "count": 1}, "Norge": {"distance": 9.0787, "count": 2}, "Italia": {"distance": 163.9425, "count": 26}, "Deutschland": {"distance": 92.2841, "count": 25}}, "processed_activities": ["11707711827", "13380821872", "11707724705", "11707724645", "11828412218", "11707724759", "11707631682", "11667437600", "11707667465", "13405807899", "11707631689", "12148502003", "11515715856", "11707724676", "11707724588", "11707724594", "11707724715", "11707711834", "11534585640", "11707712025", "11707667533", "12011222892", "11707712027", "11707667545", "11707711976", "11707631679", "11707724735", "11707712020", "11707631695", "11707607282", "11707711941", "11707724501", "11707607278", "11979354939", "11707631694", "11707607277", "13153758075", "11707724673", "11707711856", "12222895619", "11707712039", "11707607285", "11707711940", "12533004003", "11707667544", "12044583667", "13053988131", "11707711937", "12123192694", "12104687120", "11707712040", "11707631665", "11800518665", "11707711972", "12361493718", "11707631698", "12414281788", "11707667535", "11707711945", "12076395504", "11707724677", "11707712029", "11707711961", "11515686551", "11761940871", "11515730631", "11746337793", "11707724741", "13769557469", "11707607275", "11917367588", "11707724683", "14022404978", "11707631685", "12886097112", "11707711967", "11559022112", "11573608149", "12783923554", "11707607403", "11707607447", "11707724502", "13451167699", "11707667552", "12316762842", "14386235852", "11504250003", "11707607283", "11707667583", "12591435267", "11707711846", "11822139541", "11707667477", "13918124092", "11707724719", "11515831033", "13882018463", "11707607346", "11707724611", "11865284948", "11777845016", "13538109403", "11707631686", "14301002526", "11651910629", "11962354989", "11707724516", "11706555919", "11638474422", "11613936059", "12275384178", "11583303831", "11510835206", "11707667472", "11515869095", "12030353447", "13704794756", "11515820520", "11714495319", "11707711833", "12376529717", "13477830664", "11684359214", "11707607287", "14346187645", "14098589592", "11707724486", "11880635489", "11707724578"]}