{"cities": {"Kongens Lyngby": {"distance": 202.53159999999997, "count": 31}, "Amsterdam": {"distance": 21.439799999999998, "count": 1}, "Luxembourg": {"distance": 21.1995, "count": 1}, "K\u00f8benhavn": {"distance": 317.61570000000006, "count": 28}, "Dalen": {"distance": 3.3735, "count": 1}, "Bergen": {"distance": 5.7052, "count": 1}, "Roma": {"distance": 163.9425, "count": 26}, "Heilbronn": {"distance": 92.2841, "count": 25}, "Rotterdam": {"distance": 6.061100000000001, "count": 1}, "Delft": {"distance": 21.1367, "count": 1}, "N\u00e6rum": {"distance": 9.4914, "count": 1}, "Frederiksberg": {"distance": 74.68199999999999, "count": 8}}, "countries": {"Danmark": {"distance": 702.3568, "count": 77}, "Nederland": {"distance": 48.6376, "count": 3}, "L\u00ebtzebuerg": {"distance": 21.1995, "count": 1}, "Norge": {"distance": 9.0787, "count": 2}, "Italia": {"distance": 163.9425, "count": 26}, "Deutschland": {"distance": 92.2841, "count": 25}}, "processed_activities": ["11880635489", "11707711827", "12414281788", "11707712029", "11707667465", "14446036903", "11510835206", "11707607283", "11707631679", "11707667533", "11515686551", "11707712039", "14434224428", "12076395504", "13380821872", "11707631665", "11707667552", "13918124092", "11534585640", "11707724759", "11707724741", "11707631694", "11638474422", "11707667544", "11714495319", "11707711940", "12376529717", "11651910629", "11707724719", "11515820520", "12030353447", "11707711967", "11707607287", "11707724501", "11707711937", "11979354939", "11707724486", "11707607278", "12148502003", "11746337793", "14386235852", "11707724705", "11707712027", "13153758075", "11707711961", "14912063079", "11707711856", "11706555919", "11707724676", "11707724578", "11707724588", "12886097112", "11684359214", "12361493718", "11777845016", "12591435267", "11613936059", "11707631698", "11707631682", "11707667545", "14301002526", "13451167699", "11828412218", "11917367588", "12222895619", "11583303831", "11707667472", "11707724715", "12316762842", "11707711945", "11707631686", "14659630038", "11707667535", "11707724673", "13405807899", "13882018463", "11800518665", "11707724502", "11707607346", "11515730631", "12011222892", "11707667477", "11707724677", "11707607275", "11707724516", "11515715856", "12123192694", "11707711976", "11573608149", "11707607285", "13477830664", "14346187645", "14577549048", "11707711833", "11559022112", "11515831033", "13769557469", "13053988131", "11504250003", "14022404978", "11667437600", "11707607447", "12044583667", "11822139541", "11707724735", "11707607282", "11707711834", "11707724683", "12533004003", "11707724611", "11707712020", "11707607403", "11707711846", "11761940871", "11707712025", "11707711972", "11515869095", "11707631685", "11707667583", "12104687120", "12783923554", "11707724594", "14098589592", "11707607277", "11707712040", "11707631689", "12275384178", "13538109403", "11962354989", "11865284948", "13704794756", "11707724645", "11707631695", "11707711941"]}