{"cities": {"Kongens Lyngby": {"distance": 202.53159999999997, "count": 31}, "Amsterdam": {"distance": 21.439799999999998, "count": 1}, "Luxembourg": {"distance": 21.1995, "count": 1}, "K\u00f8benhavn": {"distance": 484.44100000000026, "count": 56}, "Dalen": {"distance": 3.3735, "count": 1}, "Bergen": {"distance": 5.7052, "count": 1}, "Roma": {"distance": 163.9425, "count": 26}, "Heilbronn": {"distance": 98.4427, "count": 27}, "Rotterdam": {"distance": 6.061100000000001, "count": 1}, "Delft": {"distance": 21.1367, "count": 1}, "N\u00e6rum": {"distance": 9.4914, "count": 1}, "Frederiksberg": {"distance": 111.53139999999999, "count": 14}}, "countries": {"Danmark": {"distance": 929.3808, "count": 113}, "Nederland": {"distance": 48.6376, "count": 3}, "L\u00ebtzebuerg": {"distance": 21.1995, "count": 1}, "Norge": {"distance": 9.0787, "count": 2}, "Italia": {"distance": 163.9425, "count": 26}, "Deutschland": {"distance": 98.4427, "count": 27}}, "processed_activities": ["11822139541", "11707711972", "11707712040", "11707724578", "15872086348", "11707667465", "11707724759", "12783923554", "13538109403", "18069047909", "16691759695", "11707711940", "11707724516", "11707667472", "18042833844", "11534585640", "11706555919", "13769557469", "11707712039", "17804501461", "11707724677", "15151292948", "13882018463", "11707724588", "11707631665", "17617191677", "11707631679", "15934614062", "11962354989", "11515686551", "11714495319", "11707667552", "11707667583", "11707724611", "14301002526", "18106747993", "15721622830", "13153758075", "11707712025", "11707607403", "11613936059", "11707712029", "11707711967", "11707724501", "17002101482", "11515715856", "11777845016", "12376529717", "14577549048", "11707724683", "16284329781", "11707667545", "11707724502", "11707711827", "11510835206", "16149767925", "11707607282", "11707711834", "15673199728", "11707607283", "11707724735", "11707607287", "11707631682", "14912063079", "11828412218", "13477830664", "11800518665", "16464256324", "15208020926", "13704794756", "15774682542", "11515730631", "15037013947", "11515820520", "18134243728", "15720906306", "11707607285", "12361493718", "11707724645", "16335622175", "11707667535", "11707631689", "15953200655", "12414281788", "11707607277", "13405807899", "11707631695", "14434224428", "17172406403", "11707607278", "17986767294", "11707724741", "11707607275", "12316762842", "14346187645", "11684359214", "11504250003", "16856653504", "11707667544", "11707607346", "11917367588", "11979354939", "12886097112", "11707712027", "11707711856", "12222895619", "14022404978", "16189608104", "14386235852", "12011222892", "11515869095", "15290085588", "11707711945", "12044583667", "11707711833", "13918124092", "11707631698", "16120267908", "11707724486", "12275384178", "13451167699", "17396192893", "12148502003", "13053988131", "16819277334", "11707724719", "11707607447", "14098589592", "15320332158", "11707711937", "11707711941", "16253892022", "11707711976", "11707667477", "11707724673", "11559022112", "11667437600", "11707712020", "11707724594", "17172319550", "11707631686", "16961617854", "11707724705", "11707724715", "11761940871", "12104687120", "11573608149", "14659630038", "11651910629", "11707667533", "11707631685", "11707711961", "11707631694", "14446036903", "11880635489", "11638474422", "12533004003", "11746337793", "17116313540", "11583303831", "11865284948", "12076395504", "17742030442", "15342814232", "11515831033", "11707724676", "12123192694", "13380821872", "18014829942", "12030353447", "12591435267", "11707711846"]}