{"cities": {"Kongens Lyngby": {"distance": 202.53159999999997, "count": 31}, "Amsterdam": {"distance": 21.439799999999998, "count": 1}, "Luxembourg": {"distance": 21.1995, "count": 1}, "K\u00f8benhavn": {"distance": 399.07490000000024, "count": 43}, "Dalen": {"distance": 3.3735, "count": 1}, "Bergen": {"distance": 5.7052, "count": 1}, "Roma": {"distance": 163.9425, "count": 26}, "Heilbronn": {"distance": 92.2841, "count": 25}, "Rotterdam": {"distance": 6.061100000000001, "count": 1}, "Delft": {"distance": 21.1367, "count": 1}, "N\u00e6rum": {"distance": 9.4914, "count": 1}, "Frederiksberg": {"distance": 96.30069999999999, "count": 11}}, "countries": {"Danmark": {"distance": 818.6030000000002, "count": 96}, "Nederland": {"distance": 48.6376, "count": 3}, "L\u00ebtzebuerg": {"distance": 21.1995, "count": 1}, "Norge": {"distance": 9.0787, "count": 2}, "Italia": {"distance": 163.9425, "count": 26}, "Deutschland": {"distance": 92.2841, "count": 25}}, "processed_activities": ["11707667472", "11707667477", "11515820520", "15720906306", "12104687120", "11510835206", "11504250003", "11707607275", "15290085588", "11707667533", "11707631686", "11880635489", "11761940871", "14098589592", "14434224428", "12044583667", "11707724677", "11707712020", "15151292948", "14446036903", "16189608104", "16120267908", "11667437600", "11707711833", "11515715856", "11613936059", "14301002526", "13477830664", "11707724486", "11707711834", "11707724501", "11707724594", "16253892022", "15037013947", "13053988131", "11707631679", "11559022112", "11707724611", "11707667544", "11515730631", "11707631698", "13704794756", "11746337793", "15934614062", "14386235852", "11707724588", "11583303831", "11707724673", "13882018463", "11707724735", "15208020926", "11707711940", "12011222892", "14346187645", "12414281788", "11800518665", "11714495319", "13451167699", "15721622830", "11962354989", "14912063079", "11707607283", "14577549048", "11707607346", "12533004003", "11707712039", "12591435267", "11707631689", "11707712025", "11777845016", "11515686551", "11707724759", "12123192694", "16284329781", "11707631694", "11828412218", "11865284948", "11707711937", "11707711945", "15953200655", "11707712029", "11707724719", "11707631665", "11638474422", "15342814232", "11707724741", "15774682542", "11707724502", "11707607282", "11707711967", "11707724705", "12886097112", "12076395504", "11707724683", "11707711976", "11707607447", "11917367588", "11707711856", "11707711827", "11707711846", "11651910629", "11707667552", "11707631695", "11707667583", "12275384178", "11822139541", "12361493718", "12148502003", "11707631682", "11707631685", "11573608149", "11707667465", "11707607278", "11707607403", "13380821872", "12316762842", "11707724645", "11706555919", "11684359214", "14022404978", "13918124092", "11707711961", "11707724676", "11707711972", "16149767925", "12783923554", "11707712040", "11707712027", "13769557469", "11707607285", "11707724715", "13538109403", "11534585640", "16335622175", "11707607287", "11707724578", "11707724516", "15320332158", "11979354939", "11707667545", "12030353447", "11515831033", "14659630038", "15872086348", "11707607277", "15673199728", "11707667535", "12376529717", "13405807899", "11515869095", "13153758075", "12222895619", "11707711941"]}